<?xml version="1.0" encoding="UTF-8" standalone="yes"?>
<manifest>
  <control namespace="MultiSelectPCFControl" constructor="MultiSelectPCFControl" version="0.0.1" display-name-key="MultiSelectPCF" description-key="MultiSelectPCF description" control-type="standard" api-version="1.3.4">
    <external-service-usage enabled="false"/>
    <property name="sampleProperty" display-name-key="Property_Display_Key" description-key="Property_Desc_Key" of-type="SingleLine.Text" usage="bound" required="true"/>
    <property name="entityName" display-name-key="Entity Name" description-key="Name of the entity from which you want to return results" of-type="SingleLine.Text" usage="input" required="true"/>
    <property name="filterField" display-name-key="FilterField" description-key="The field to do the filter on" of-type="SingleLine.TextArea" usage="input" required="true"/>
    <property name="topCount" display-name-key="TopCount" description-key="Number of items to return (Above 50 not recommended)" of-type="SingleLine.Text" usage="input" required="true"/>
    <property name="columns" display-name-key="Columns" description-key="Columns to be retrieved" of-type="SingleLine.Text" usage="input" required="true"/>
    <property name="displayFieldLabel" display-name-key="labelField" description-key="Field shown in the select picker" of-type="SingleLine.Text" usage="input" required="true"/>
    <property name="displayValueField" display-name-key="ValueField" description-key="The value to select when Item is selected" of-type="SingleLine.Text" usage="input" required="true"/>
    <property name="account" display-name-key="ValueField" description-key="The value to select when Item is selected" of-type="Lookup.Simple" usage="bound" required="true"/>
    <property name="Button" display-name-key="Property_Display_Key" description-key="Property_Desc_Key" of-type="SingleLine.Text" usage="bound" required="false"/>
    <resources>
      <code path="bundle.js" order="1"/>
    </resources>
    <feature-usage>
      <uses-feature name="WebAPI" required="true"/>
    </feature-usage>
    <built-by name="pac" version="1.17.5"/>
  </control>
</manifest>